<CompuCell3D Revision="20210123" Version="4.2.4">
   
   <Metadata>
      
      <!-- Basic properties simulation -->
      <NumberOfProcessors>4</NumberOfProcessors>
      <DebugOutputFrequency>10</DebugOutputFrequency>      
      <!-- <NonParallelModule Name="Potts"/> -->
   </Metadata>
   
   <Potts>
      
      <!-- Basic properties of CPM (GGH) algorithm -->
      <Dimensions x="800" y="300" z="1"/>
      <Steps>100000</Steps>
      <Temperature>20.0</Temperature>
      <NeighborOrder>3</NeighborOrder>
      <Boundary_x>Periodic</Boundary_x>
   </Potts>
   
   <Plugin Name="CellType">      
      <!-- Listing all cell types in the simulation -->
      <CellType TypeId="0" TypeName="Medium"/>
      <CellType TypeId="1" TypeName="Wnt"/>
      <CellType TypeId="2" TypeName="Fgfapi"/>
      <CellType TypeId="3" TypeName="Fgflat"/>
      <CellType TypeId="4" TypeName="Fgfbas"/>
      <CellType TypeId="5" TypeName="ECM"/>
      <CellType TypeId="6" TypeName="Sheath"/>
      <CellType TypeId="7" TypeName="Skin"/>
      <CellType TypeId="8" TypeName="Muscle"/>
   </Plugin>
   
   <Plugin Name="Volume">
      <VolumeEnergyParameters CellType="Sheath" LambdaVolume="0.2" TargetVolume="200"/>
      <VolumeEnergyParameters CellType="Wnt" LambdaVolume="2.0" TargetVolume="800"/>
      <VolumeEnergyParameters CellType="Fgfapi" LambdaVolume="2.0" TargetVolume="100"/>
      <VolumeEnergyParameters CellType="Fgflat" LambdaVolume="0.1" TargetVolume="400"/>
      <VolumeEnergyParameters CellType="Fgfbas" LambdaVolume="2.5" TargetVolume="100"/>
      <VolumeEnergyParameters CellType="ECM" LambdaVolume="2.0" TargetVolume="200"/>
      <VolumeEnergyParameters CellType="Skin" LambdaVolume="2.0" TargetVolume="400"/>
      <VolumeEnergyParameters CellType="Muscle" LambdaVolume="20.0" TargetVolume="400"/>
   </Plugin>
   
   <Plugin Name="Surface">
      <SurfaceEnergyParameters CellType="Wnt" LambdaSurface="0.3" TargetSurface="120"/>
      <SurfaceEnergyParameters CellType="Fgfapi" LambdaSurface="0.3" TargetSurface="25"/>
      <SurfaceEnergyParameters CellType="Fgflat" LambdaSurface="0.5" TargetSurface="100"/>
      <SurfaceEnergyParameters CellType="Fgfbas" LambdaSurface="0.2" TargetSurface="25"/>
      <SurfaceEnergyParameters CellType="ECM" LambdaSurface="0.8" TargetSurface="80"/>
      <SurfaceEnergyParameters CellType="Skin" LambdaSurface="1.0" TargetSurface="100"/>
      <SurfaceEnergyParameters CellType="Sheath" LambdaSurface="0.2" TargetSurface="100"/>
      <SurfaceEnergyParameters CellType="Muscle" LambdaSurface="1.0" TargetSurface="80"/>
   </Plugin>

   <Plugin Name="ExternalPotential">
      <!-- External force applied to cell. Each cell type has different force. --> 
      <!-- For more flexible specification of the constraint (done in Python) please use ExternalPotential plugin without specifying per-type parameters --> 
      <!-- Algorithm options are: PixelBased, CenterOfMassBased --> 
      <Algorithm>PixelBased</Algorithm>      
   </Plugin>
   
   <Plugin Name="CenterOfMass">      
      <!-- Module tracking center of mass of each cell -->
   </Plugin>
   
   <Plugin Name="NeighborTracker">      
      <!-- Module tracking neighboring cells of each cell -->
   </Plugin>
   
   <Plugin Name="Contact">
      <!-- Specification of adhesion energies -->
      <Energy Type1="Medium" Type2="Medium">10.0</Energy>
      <Energy Type1="Medium" Type2="Sheath">5.0</Energy>
      <Energy Type1="Medium" Type2="Wnt">5.0</Energy>
      <Energy Type1="Medium" Type2="Fgfapi">5.0</Energy>
      <Energy Type1="Medium" Type2="Fgflat">5.0</Energy>
      <Energy Type1="Medium" Type2="Fgfbas">5.0</Energy>
      <Energy Type1="Medium" Type2="ECM">5.0</Energy>
      <Energy Type1="Medium" Type2="Skin">5.0</Energy>
      <Energy Type1="Medium" Type2="Muscle">5.0</Energy>
      
      <Energy Type1="Wnt" Type2="Sheath">6.0</Energy>
      <Energy Type1="Wnt" Type2="Wnt">1.0</Energy>
      <Energy Type1="Wnt" Type2="Fgfapi">3.0</Energy>
      <Energy Type1="Wnt" Type2="Fgflat">0.5</Energy>
      <Energy Type1="Wnt" Type2="Fgfbas">3.0</Energy>
      <Energy Type1="Wnt" Type2="ECM">5.0</Energy>  
      <Energy Type1="Wnt" Type2="Skin">4.0</Energy>
      <Energy Type1="Wnt" Type2="Muscle">10.0</Energy>
      
      <Energy Type1="Fgfapi" Type2="Sheath">6.0</Energy>
      <Energy Type1="Fgfapi" Type2="Fgfapi">1.0</Energy>
      <Energy Type1="Fgfapi" Type2="Fgflat">10.0</Energy>
      <Energy Type1="Fgfapi" Type2="Fgfbas">20.0</Energy>
      <Energy Type1="Fgfapi" Type2="ECM">20.0</Energy>
      <Energy Type1="Fgfapi" Type2="Skin">20.0</Energy>
      <Energy Type1="Fgfapi" Type2="Muscle">20.0</Energy>
      
      <Energy Type1="Fgflat" Type2="Sheath">10.0</Energy>
      <Energy Type1="Fgflat" Type2="Fgflat">5.0</Energy> 
      <Energy Type1="Fgflat" Type2="Fgfbas">10.0</Energy>
      <Energy Type1="Fgflat" Type2="ECM">20.0</Energy>
      <Energy Type1="Fgflat" Type2="Skin">20.0</Energy>
      <Energy Type1="Fgflat" Type2="Muscle">20.0</Energy>
      
      <Energy Type1="Fgfbas" Type2="Sheath">5.0</Energy>
      <Energy Type1="Fgfbas" Type2="Fgfbas">8.0</Energy>
      <Energy Type1="Fgfbas" Type2="ECM">2.0</Energy>
      <Energy Type1="Fgfbas" Type2="Skin">20.0</Energy>
      <Energy Type1="Fgfbas" Type2="Muscle">10.0</Energy>
      
      <Energy Type1="ECM" Type2="Sheath">8.0</Energy>
      <Energy Type1="ECM" Type2="ECM">0.5</Energy>
      <Energy Type1="ECM" Type2="Skin">6.0</Energy>
      <Energy Type1="ECM" Type2="Muscle">1.0</Energy>
      
      <Energy Type1="Sheath" Type2="Sheath">6.0</Energy>
      <Energy Type1="Sheath" Type2="Skin">4.0</Energy>
      <Energy Type1="Sheath" Type2="Muscle">20.0</Energy>
      
      <Energy Type1="Skin" Type2="Skin">0.0</Energy>
      <Energy Type1="Skin" Type2="Muscle">10.0</Energy>
      
      <Energy Type1="Muscle" Type2="Muscle">1.0</Energy>
      <NeighborOrder>4</NeighborOrder>
   </Plugin>
   
   <Plugin Name="ContactInternal">
      <!-- Specification of internal adhesion energies -->
      <Energy Type1="Fgflat" Type2="Fgfbas">1.0</Energy>
      <Energy Type1="Fgfapi" Type2="Fgflat">1.0</Energy>
      <Energy Type1="Fgfapi" Type2="Fgfbas">10.0</Energy>
      
      <Energy Type1="Sheath" Type2="Sheath">1.0</Energy>
      <Energy Type1="Wnt" Type2="Wnt">1.0</Energy>
      <Energy Type1="Wnt" Type2="Fgfapi">1.0</Energy>
      <Energy Type1="Wnt" Type2="Fgflat">1.0</Energy>
      <Energy Type1="Wnt" Type2="Fgfbas">1.0</Energy>
      <Energy Type1="Wnt" Type2="ECM">2.0</Energy>      
      <Energy Type1="Fgfapi" Type2="Fgfapi">1.0</Energy>      
      <Energy Type1="Fgfapi" Type2="ECM">10.0</Energy>
      <Energy Type1="Fgflat" Type2="Fgflat">1.0</Energy>
      <Energy Type1="Fgflat" Type2="ECM">10.0</Energy>
      <Energy Type1="Fgfbas" Type2="Fgfbas">1.0</Energy>
      <Energy Type1="Fgfbas" Type2="ECM">10.0</Energy>
      <Energy Type1="ECM" Type2="ECM">0.0</Energy>
      <Energy Type1="Skin" Type2="Skin">0.0</Energy>
      <Energy Type1="Muscle" Type2="Muscle">0.0</Energy>
      <NeighborOrder>4</NeighborOrder>
   </Plugin>
   
   <Plugin Name="FocalPointPlasticity">
      
      <!-- Specification of focal point junctions --> 
      <!-- We separetely specify links between members of same cluster - InternalParameters and members of different clusters Parameters. When not using compartmental  cells comment out InternalParameters specification --> 
      <!-- To modify FPP links individually for each cell pair uncomment line below --> 
      <Local/>
      <!-- Note that even though you may manipulate lambdaDistance, targetDistance and maxDistance using Python you still need to set activation energy from XML level --> 
      <!-- See CC3D manual for details on FPP plugin -->  
      
      <Parameters Type1="Wnt" Type2="Wnt">
         <Lambda>10</Lambda>
         <ActivationEnergy>-50</ActivationEnergy>
         <TargetDistance>40</TargetDistance>
         <MaxDistance>100</MaxDistance>
         <MaxNumberOfJunctions NeighborOrder="2">2</MaxNumberOfJunctions>
      </Parameters>
      
      <Parameters Type1="Wnt" Type2="Fgflat">
         <Lambda>10</Lambda>
         <ActivationEnergy>-50</ActivationEnergy>
         <TargetDistance>30</TargetDistance>
         <MaxDistance>40</MaxDistance>
         <MaxNumberOfJunctions NeighborOrder="2">2</MaxNumberOfJunctions>
      </Parameters>
      
      <Parameters Type1="Fgfapi" Type2="Fgfapi">
         <Lambda>5</Lambda>
         <ActivationEnergy>-50</ActivationEnergy>
         <TargetDistance>8</TargetDistance>
         <MaxDistance>20</MaxDistance>
         <MaxNumberOfJunctions NeighborOrder="2">6</MaxNumberOfJunctions>
      </Parameters>
      
      <Parameters Type1="Fgflat" Type2="Fgflat">
         <Lambda>5</Lambda>
         <ActivationEnergy>-50</ActivationEnergy>
         <TargetDistance>10</TargetDistance>
         <MaxDistance>100</MaxDistance>
         <MaxNumberOfJunctions NeighborOrder="2">2</MaxNumberOfJunctions>
      </Parameters> 
      
      <Parameters Type1="Skin" Type2="Skin">
         <Lambda>10</Lambda>
         <ActivationEnergy>-50</ActivationEnergy>
         <TargetDistance>15</TargetDistance>
         <MaxDistance>100</MaxDistance>
         <MaxNumberOfJunctions NeighborOrder="2">2</MaxNumberOfJunctions>
      </Parameters>
      
      <Parameters Type1="ECM" Type2="ECM">
         <Lambda>4</Lambda>
         <ActivationEnergy>-50</ActivationEnergy>
         <TargetDistance>10</TargetDistance>
         <MaxDistance>40</MaxDistance>
         <MaxNumberOfJunctions NeighborOrder="2">2</MaxNumberOfJunctions>
      </Parameters>      
      
      <InternalParameters Type1="Fgfapi" Type2="Fgflat">
         <Lambda>8</Lambda>
         <ActivationEnergy>-50</ActivationEnergy>
         <TargetDistance>15</TargetDistance>
         <MaxDistance>30</MaxDistance>
         <MaxNumberOfJunctions NeighborOrder="1">2</MaxNumberOfJunctions>
      </InternalParameters> 
      
      <InternalParameters Type1="Fgflat" Type2="Fgfbas">
         <Lambda>8</Lambda>
         <ActivationEnergy>-50</ActivationEnergy>
         <TargetDistance>15</TargetDistance>
         <MaxDistance>30</MaxDistance>
         <MaxNumberOfJunctions NeighborOrder="1">2</MaxNumberOfJunctions>
      </InternalParameters>    
      
      <NeighborOrder>2</NeighborOrder>
   </Plugin>
      
   <Steppable Type="UniformInitializer">      
      <!-- Initial layout of cells in the form of rectangular slab -->
      <Region>
         <BoxMin x="0" y="0" z="0"/>
         <BoxMax x="260" y="90" z="1"/>
         <Gap>0</Gap>
         <Width>20</Width>
         <Types>Muscle</Types>
      </Region>
      <Region>
         <BoxMin x="260" y="0" z="0"/>
         <BoxMax x="800" y="90" z="1"/>
         <Gap>0</Gap>
         <Width>20</Width>
         <Types>Muscle</Types>
      </Region>
      <Region>
         <BoxMin x="20" y="130" z="0"/>
         <BoxMax x="260" y="140" z="1"/>
         <Gap>0</Gap>
         <Width>20</Width>
         <Types>Fgfapi</Types>
      </Region>
      <Region>
         <BoxMin x="20" y="110" z="0"/>
         <BoxMax x="260" y="130" z="1"/>
         <Gap>0</Gap>
         <Width>20</Width>
         <Types>Fgflat</Types>
      </Region>
      <Region>
         <BoxMin x="20" y="100" z="0"/>
         <BoxMax x="260" y="110" z="1"/>
         <Gap>0</Gap>
         <Width>20</Width>
         <Types>Fgfbas</Types>
      </Region>
      <Region>
         <BoxMin x="0" y="90" z="0"/>
         <BoxMax x="280" y="100" z="1"/>
         <Gap>0</Gap>
         <Width>20</Width>
         <Types>ECM</Types>
      </Region>     
      <Region>
         <BoxMin x="20" y="140" z="0"/>
         <BoxMax x="380" y="150" z="1"/>
         <Gap>0</Gap>
         <Width>20</Width>
         <Types>Sheath</Types>
      </Region>
      <Region>
         <BoxMin x="260" y="95" z="0"/>
         <BoxMax x="800" y="105" z="1"/>
         <Gap>0</Gap>
         <Width>20</Width>
         <Types>ECM</Types>
      </Region>      
      <Region>
         <BoxMin x="0" y="100" z="0"/>
         <BoxMax x="10" y="150" z="1"/>
         <Gap>0</Gap>
         <Width>20</Width>
         <Types>Skin</Types>
      </Region>
      <Region>
         <BoxMin x="10" y="150" z="0"/>
         <BoxMax x="380" y="170" z="1"/>
         <Gap>0</Gap>
         <Width>20</Width>
         <Types>Skin</Types>
      </Region>
      
      <Region>
         <BoxMin x="400" y="105" z="0"/>
         <BoxMax x="800" y="115" z="1"/>
         <Gap>0</Gap>
         <Width>20</Width>
         <Types>Skin</Types>
      </Region>      
      <Region>
         <BoxMin x="260" y="100" z="0"/>
         <BoxMax x="280" y="140" z="1"/>
         <Gap>0</Gap>
         <Width>40</Width>
         <Types>Wnt</Types>
      </Region>
      <Region>
         <BoxMin x="280" y="100" z="0"/>
         <BoxMax x="300" y="140" z="1"/>
         <Gap>0</Gap>
         <Width>40</Width>
         <Types>Wnt</Types>
      </Region>
      <Region>
         <BoxMin x="300" y="100" z="0"/>
         <BoxMax x="320" y="140" z="1"/>
         <Gap>0</Gap>
         <Width>40</Width>
         <Types>Wnt</Types>
      </Region>
      <Region>
         <BoxMin x="320" y="100" z="0"/>
         <BoxMax x="340" y="140" z="1"/>
         <Gap>0</Gap>
         <Width>40</Width>
         <Types>Wnt</Types>
      </Region>
      <Region>
         <BoxMin x="340" y="100" z="0"/>
         <BoxMax x="360" y="140" z="1"/>
         <Gap>0</Gap>
         <Width>40</Width>
         <Types>Wnt</Types>
      </Region>      
      <Region>
         <BoxMin x="380" y="105" z="0"/>
         <BoxMax x="400" y="150" z="1"/>
         <Gap>0</Gap>
         <Width>20</Width>
         <Types>Skin</Types>
      </Region>
   </Steppable>
</CompuCell3D>
